row_id,image,class_ids,truth,prediction,f1,siglip2_image_and_topk_sec,qwen_sec,fusion_and_selection_sec,total_image_sec,raw_qwen
0,img_000011.jpg,69,crab|fish,crab,0.666667,0.485286,0.000014,0.000317,0.485676,{}
1,img_000070.jpg,294,zucchini,zucchini,1.000000,0.191421,1.299862,0.004511,1.495867,"{""present"":[1]}"
2,img_000173.jpg,156,chokha|litti,litti,0.666667,0.146159,0.000017,0.000306,0.146549,{}
3,img_000288.jpg,205,plum,plum,1.000000,0.133114,0.000012,0.000214,0.133388,{}
4,img_000312.jpg,41,caviar,caviar,1.000000,0.155548,0.875655,0.020514,1.051783,"{""present"":[1],""possible"":[8]}"
5,img_000332.jpg,98,edamame,edamame,1.000000,0.343577,0.000014,0.000224,0.343893,{}
6,img_000368.jpg,205,plum,plum,1.000000,0.239907,0.000014,0.000223,0.240222,{}
7,img_000679.jpg,205,plum,plum,1.000000,0.127084,0.000014,0.000247,0.127397,{}
8,img_000689.jpg,189,oyster,oyster,1.000000,0.170874,0.877780,0.002108,1.050818,"{""present"":[1],""possible"":[]}"
9,img_000794.jpg,33,beef|chicken wings|fried roll|meatball|noodle,broth,0.000000,0.147750,2.193375,0.002906,2.344096,"{""present"":[1,2,7,8,10,17,19,20],""possible"":[3,4,5,6,9,11,12,13,14,15,16,18]}"
10,img_000828.jpg,34,buckwheat,buckwheat,1.000000,0.127743,0.000014,0.000210,0.128040,{}
11,img_000831.jpg,13-105-109,fish|pea|potato|tartar sauce,batter|fish|french fries,0.285714,0.138430,2.092560,0.002014,2.233079,"{""present"":[2,3,4,12,14,17,19,20],""possible"":[1,5,6,7,8,9,10,11,13,15,16]}"
12,img_000852.jpg,98,edamame,edamame,1.000000,0.163434,0.852191,0.001807,1.017495,"{""present"":[1],""possible"":[]}"
13,img_000913.jpg,285,walnut,walnut,1.000000,0.410485,0.000014,0.000229,0.410778,{}
14,img_000966.jpg,153,lemon,lemon,1.000000,0.167411,0.000013,0.000233,0.167710,{}
15,img_001048.jpg,34,buckwheat,buckwheat,1.000000,0.290524,1.077395,0.006209,1.374181,"{""present"":[1],""possible"":[]}"
16,img_001084.jpg,290,whole pig,whole pig,1.000000,0.364082,0.000014,0.000201,0.364346,{}
17,img_001144.jpg,205,plum,plum,1.000000,0.120763,0.000018,0.000302,0.121147,{}
18,img_001146.jpg,13-106-248,batter|bonito flake|cabbage|mayonnaise|octopus,batter|fish ball|skewer,0.250000,0.340730,1.489484,0.008842,1.839134,"{""present"":[1,5,9],""possible"":[10,20]}"
19,img_001172.jpg,67,cottage cheese,cottage cheese,1.000000,0.382316,1.230565,0.001419,1.614352,"{""present"":[1],""possible"":[]}"
20,img_001174.jpg,0-43-51-70-216-250,almond|cracker|pretzel,almond|cereal|chocolate cereal|cracker|pretzel|snack stick,0.666667,0.156549,2.005893,0.002331,2.164826,"{""present"":[1,3,5,6,9,14],""possible"":[2,4,7,8,10,11,12,13,15,16,17,18,19,20]}"
21,img_001210.jpg,189,oyster,oyster,1.000000,0.359712,0.000013,0.000212,0.359986,{}
22,img_001308.jpg,205,plum,plum,1.000000,0.352714,0.000013,0.000212,0.352989,{}
23,img_001362.jpg,26-27-122-181-182-226-285,blackberry|blueberry|granola|raspberry,blackberry|blueberry|granola|oatmeal|oats|raspberry|walnut,0.727273,0.154740,2.002168,0.001786,2.158781,"{""present"":[1,2,3,4,6,9,11,14],""possible"":[5,10,12,15,16,17,18,19,20]}"
24,img_001387.jpg,50,chickpea,chickpea,1.000000,0.333842,1.150750,0.008540,1.493185,"{""present"":[1],""possible"":[]}"
25,img_001407.jpg,82,chicken breast,cured ham,0.000000,0.389179,1.249176,0.001851,1.640256,"{""present"":[4],""possible"":[6]}"
26,img_001462.jpg,205,plum,plum,1.000000,0.125967,0.000017,0.000307,0.126353,{}
27,img_001488.jpg,21,bitter melon,bitter melon,1.000000,0.136812,0.000013,0.000245,0.137116,{}
28,img_001507.jpg,54-173-253,chocolate ice cream|mint ice cream,chocolate ice cream|mint ice cream|soft serve ice cream,0.800000,0.139123,0.963959,0.001801,1.104931,"{""present"":[1,3,4],""possible"":[2]}"
29,img_001558.jpg,98,edamame,edamame,1.000000,0.340304,0.000014,0.000215,0.340606,{}
30,img_001586.jpg,219-274,pumpkin|thyme,pumpkin|thyme,1.000000,0.405188,1.352415,0.009012,1.766726,"{""present"":[1,2],""possible"":[16]}"
31,img_001594.jpg,33-143,bok choy|broccoli|carrot|fish|meatball|noodle|squid,broth|instant noodle,0.000000,0.127434,1.994443,0.002868,2.124828,"{""present"":[1,4,5,6,7,9,14,19,20],""possible"":[2,8,10,11,12,13,15,16,17,18]}"
32,img_001647.jpg,98,edamame,edamame,1.000000,0.153830,0.000017,0.000301,0.154208,{}
33,img_001718.jpg,98,edamame,edamame,1.000000,0.339463,0.000014,0.000279,0.339805,{}
34,img_001764.jpg,78-114-142-168,cricket|grasshopper|mealworm,cricket|fried insect|insect|mealworm,0.571429,0.342097,1.360025,0.001683,1.703853,"{""present"":[1,2,4,5],""possible"":[3]}"
35,img_001771.jpg,103-146-185-223-243-277,cucumber|feta cheese|kale|quinoa|tomato,feta cheese|kale|olive|quinoa|sesame seed|tomato,0.727273,0.186023,2.096616,0.004559,2.287250,"{""present"":[1,2,6,7,8,11,17],""possible"":[4,5,9,10,12,14,15,16,18,19,20]}"
36,img_001827.jpg,189,oyster,oyster,1.000000,0.338776,1.166945,0.008589,1.514400,"{""present"":[1],""possible"":[]}"
37,img_001892.jpg,5-32-38-146-149-220-282,avocado|broccoli|carrot|kiwi|pumpkin seed|turmeric,avocado|broccoli|carrot|kale|kiwi|pumpkin seed|turmeric,0.923077,0.349816,2.516741,0.009132,2.875768,"{""present"":[1,2,3,5,6,8,11],""possible"":[4,7,9,10,12,13,14,15,16,17,18,19,20]}"
38,img_001977.jpg,240,meat skewer|potato|sausage,sausage,0.500000,0.153362,2.201509,0.008270,2.363199,"{""present"":[1,2,3,5,8,11,15,17,20],""possible"":[4,6,7,9,10,12,13,14,16,18,19]}"
39,img_001993.jpg,34,buckwheat,buckwheat,1.000000,0.128887,0.000017,0.000279,0.129245,{}
40,img_001999.jpg,205,plum,plum,1.000000,0.345509,0.000014,0.000218,0.345819,{}
41,img_002044.jpg,22-25,black bean,black bean|black rice,0.666667,0.355632,1.281485,0.008506,1.645672,"{""present"":[1,4],""possible"":[2]}"
42,img_002051.jpg,285,walnut,walnut,1.000000,0.431521,0.000015,0.000275,0.431866,{}
43,img_002216.jpg,285,walnut,walnut,1.000000,0.365342,1.070320,0.008615,1.444326,"{""present"":[1]}"
44,img_002226.jpg,85,croissant|custard,custard,0.666667,0.361391,0.000013,0.000212,0.361694,{}
45,img_002227.jpg,205,plum,plum,1.000000,0.238141,0.000014,0.000255,0.238459,{}
46,img_002244.jpg,21,bitter melon,bitter melon,1.000000,0.143038,0.000017,0.000277,0.143423,{}
47,img_002281.jpg,49-65-112,collard greens|fried chicken|green bean,chicken wings|collard greens|fried chicken,0.666667,0.140762,2.211123,0.002240,2.354191,"{""present"":[1,2,3,5,6,8,9,12],""possible"":[4,7,10,11,13,14,15,16,17,18,19,20]}"
48,img_002323.jpg,219,zucchini,pumpkin,0.000000,0.348364,1.154580,0.008170,1.511164,"{""present"":[2],""possible"":[]}"
49,img_002347.jpg,205,plum,plum,1.000000,0.135483,0.000019,0.000317,0.135919,{}
50,img_002388.jpg,2,apricot,apricot,1.000000,0.390312,0.000012,0.000202,0.390574,{}
51,img_002441.jpg,51-172,chocolate cereal|milk,chocolate cereal|milk,1.000000,0.367470,1.254314,0.008471,1.630343,"{""present"":[1,3],""possible"":[2]}"
52,img_002454.jpg,21,bitter melon,bitter melon,1.000000,0.121995,0.000021,0.000346,0.122468,{}
53,img_002476.jpg,33-128-276,green pea|soy milk|syrup,broth|green pea|tofu,0.333333,0.330142,1.278065,0.001554,1.609814,"{""present"":[2,4,7],""possible"":[1]}"
54,img_002533.jpg,212,pork trotter,pork trotter,1.000000,0.343298,0.000014,0.000210,0.343570,{}
55,img_002557.jpg,187,orange juice,orange juice,1.000000,0.347707,1.159963,0.001477,1.509197,"{""present"":[1],""possible"":[]}"
56,img_002576.jpg,154,lentil,lentil,1.000000,0.332213,1.150189,0.001515,1.483977,"{""present"":[1],""possible"":[]}"
57,img_002620.jpg,98,edamame,edamame,1.000000,0.125905,0.593012,0.001551,0.720532,"{""present"":[1],""possible"":[]}"
58,img_002703.jpg,205,plum,plum,1.000000,0.345133,1.085491,0.001415,1.432091,"{""present"":[1]}"
59,img_002721.jpg,285,walnut,walnut,1.000000,0.342069,0.000013,0.000241,0.342373,{}
60,img_002750.jpg,189,oyster,oyster,1.000000,0.341732,1.076456,0.001979,1.420217,"{""present"":[1]}"
61,img_002942.jpg,16-35-100-243,beef patty|burger bun|egg,beef patty|burger bun|egg|sesame seed,0.857143,0.141126,1.005859,0.001926,1.148976,"{""present"":[1,2,3,5],""possible"":[6]}"
62,img_003048.jpg,188,oreo cookie,oreo cookie,1.000000,0.347689,0.000014,0.000236,0.347988,{}
63,img_003196.jpg,205,plum,plum,1.000000,0.338012,0.000014,0.000232,0.338308,{}
64,img_003211.jpg,23,black fungus,black fungus,1.000000,0.244032,0.000015,0.000214,0.244336,{}
65,img_003274.jpg,58-241-247,clam|scallop|shrimp|spicy sauce,clam|scallop|shrimp,0.857143,0.356276,2.514796,0.009119,2.880241,"{""present"":[1,4,6,13],""possible"":[2,3,5,7,8,9,10,11,12,14,15,16,17,18,19,20]}"
66,img_003310.jpg,99,eel,eel,1.000000,0.183650,0.890450,0.001998,1.076149,"{""present"":[1],""possible"":[]}"
67,img_003349.jpg,189,oyster,oyster,1.000000,0.156369,0.000014,0.000227,0.156655,{}
68,img_003364.jpg,72-185-247,feta cheese|hummus|lobster|olive|pesto|tomato,crawfish|olive|shrimp,0.222222,0.153806,1.249339,0.001933,1.405165,"{""present"":[1,4,6,9,20],""possible"":[11,14]}"
69,img_003385.jpg,205,plum,plum,1.000000,0.217125,0.000014,0.000216,0.217458,{}
70,img_003464.jpg,253-284,soft serve ice cream|sprinkle|waffle cone,soft serve ice cream|waffle cone,0.800000,0.144170,1.780146,0.002145,1.926517,"{""present"":[1,2,3,17,20],""possible"":[4,6,11,12,14,15,16,18,19]}"
71,img_003522.jpg,6,bacon,bacon,1.000000,0.332015,1.065700,0.001646,1.399414,"{""present"":[1]}"
72,img_003526.jpg,13-24-89-100-237,dosa|egg|sambal,batter|black pepper|dosa|egg|sambal,0.750000,0.144157,1.196479,0.002024,1.342712,"{""present"":[1,3,4,6,19],""possible"":[7,10]}"
73,img_003567.jpg,277-292,yellow tomato,tomato|yellow tomato,0.666667,0.333157,1.195401,0.008758,1.537367,"{""present"":[1,2],""possible"":[]}"
74,img_003744.jpg,230-232,rice|roast duck,rice|roast duck,1.000000,0.142821,0.878991,0.001893,1.023764,"{""present"":[1,3],""possible"":[]}"
75,img_003815.jpg,145,jalapeño,jalapeño,1.000000,0.126500,0.624850,0.001610,0.753022,"{""present"":[1],""possible"":[]}"
76,img_003832.jpg,263,carrot|okra|potato|steak|tomato,steak,0.333333,0.335005,1.496761,0.008513,1.840339,"{""present"":[1,5,9,10,19],""possible"":[18]}"
77,img_003835.jpg,27-186-190-265,blueberry|orange|pancake|strawberry,blueberry|orange|pancake|strawberry,1.000000,0.126058,1.618420,0.002116,1.746666,"{""present"":[1,3,4,6,15],""possible"":[5,7,9,10,11,16,17,18,19,20]}"
78,img_003871.jpg,84-234-293,dal|roti|yogurt,curry sauce|roti|yogurt,0.666667,0.362431,1.864189,0.003386,2.230058,"{""present"":[1,11,16],""possible"":[2,4,13,14,15,17,19]}"
79,img_003904.jpg,205,plum,plum,1.000000,0.349134,0.000015,0.000220,0.349449,{}
80,img_003919.jpg,81,zucchini,cucumber,0.000000,0.157766,0.913967,0.002407,1.074209,"{""present"":[3],""possible"":[14]}"
81,img_003945.jpg,189,oyster,oyster,1.000000,0.159483,0.847181,0.001602,1.008327,"{""present"":[1],""possible"":[]}"
82,img_003997.jpg,153,lemon,lemon,1.000000,0.325876,0.000019,0.000354,0.326322,{}
83,img_004236.jpg,61-141-238,coconut chutney|idli|sambar,coconut chutney|idli|sambar,1.000000,0.129000,1.820151,0.001993,1.951201,"{""present"":[1,2,3],""possible"":[10,11,12,13,14,15,16,17,18,19,20]}"
84,img_004242.jpg,285,walnut,walnut,1.000000,0.126149,0.000015,0.000203,0.126414,{}
85,img_004342.jpg,18-33-37-88-194-211,beef|beet|cabbage|dill|pea,beet|broth|cabbage|dill|pea|pork rib,0.727273,0.346712,2.449452,0.002370,2.798621,"{""present"":[1,2,3,7,9,12],""possible"":[4,6,8,10,11,13,14,15,16,17,18,19,20]}"
86,img_004360.jpg,171-190-265,meringue|strawberry|syrup,meringue|pancake|strawberry,0.666667,0.329791,1.492614,0.002027,1.824511,"{""present"":[1,2,7,10,13],""possible"":[3,8]}"
87,img_004399.jpg,285,walnut,walnut,1.000000,0.333675,0.000014,0.000208,0.333977,{}
88,img_004401.jpg,34,buckwheat,buckwheat,1.000000,0.122927,0.000014,0.000255,0.123253,{}
89,img_004432.jpg,21,bitter melon,bitter melon,1.000000,0.340061,0.000014,0.000208,0.340334,{}
90,img_004447.jpg,205,plum,plum,1.000000,0.293071,0.000014,0.000210,0.293349,{}
91,img_004461.jpg,248-249,cauliflower|cucumber|eggplant|skewered meat|tofu,skewer|skewered meat,0.285714,0.168817,2.198924,0.002077,2.369902,"{""present"":[1,2,3,4,5,6,7,8,13,14,15,16,17,19,20],""possible"":[9,10,11,12,18]}"
92,img_004481.jpg,205,plum,plum,1.000000,0.342492,0.000017,0.000268,0.342836,{}
93,img_004615.jpg,205,plum,plum,1.000000,0.340986,1.084486,0.002770,1.428306,"{""present"":[1]}"
94,img_004650.jpg,201,pine nut,pine nut,1.000000,0.329039,0.000014,0.000231,0.329333,{}
95,img_004667.jpg,21,bitter melon,bitter melon,1.000000,0.167246,0.867768,0.002213,1.037338,"{""present"":[1],""possible"":[]}"
96,img_004758.jpg,81-133-230,cucumber|grilled fish|rice,cucumber|grilled fish|rice,1.000000,0.165702,1.011460,0.002091,1.179302,"{""present"":[3,4,5],""possible"":[1]}"
97,img_004907.jpg,34,buckwheat,buckwheat,1.000000,0.337713,0.000015,0.000238,0.338017,{}
98,img_004923.jpg,153,lemon,lemon,1.000000,0.171850,0.875838,0.002013,1.049817,"{""present"":[3],""possible"":[]}"
99,img_005001.jpg,205,plum,plum,1.000000,0.353321,0.000015,0.000209,0.353621,{}
100,img_005180.jpg,82-136,cured ham,cured ham|ham,0.666667,0.339369,1.250021,0.008600,1.598041,"{""present"":[1,4],""possible"":[2]}"
101,img_005218.jpg,98,edamame,edamame,1.000000,0.331342,0.000013,0.000244,0.331649,{}
102,img_005231.jpg,285,walnut,walnut,1.000000,0.351633,0.000014,0.000232,0.351929,{}
103,img_005258.jpg,11-211,barbecue sauce|pork rib|sesame seed,barbecue sauce|pork rib,0.800000,0.292756,1.272931,0.006616,1.572374,"{""present"":[1,2,14],""possible"":[17]}"
104,img_005392.jpg,209,pork chop,pork chop,1.000000,0.151454,0.844944,0.001818,0.998279,"{""present"":[1],""possible"":[]}"
105,img_005423.jpg,98,edamame,edamame,1.000000,0.131425,0.000018,0.000284,0.131785,{}
106,img_005503.jpg,21,zucchini,bitter melon,0.000000,0.339005,1.153049,0.001842,1.493958,"{""present"":[6],""possible"":[]}"
107,img_005532.jpg,98,edamame,edamame,1.000000,0.139840,0.000019,0.000366,0.140323,{}
108,img_005594.jpg,205,plum,plum,1.000000,0.175205,0.000015,0.000276,0.175547,{}
109,img_005663.jpg,199-204,basil|mozzarella cheese|pepperoni|pizza dough|tomato sauce,pepperoni|pizza dough,0.571429,0.170092,1.049988,0.006673,1.226808,"{""present"":[1,2,9],""possible"":[12]}"
110,img_005717.jpg,5-82-83-100-279,avocado|egg|ham|tortilla,avocado|cured ham|cured meat|egg|tortilla,0.666667,0.145637,1.744966,0.020829,1.911495,"{""present"":[1,2,3,8,10,20],""possible"":[4,6,7,12,15,17,18,19]}"
111,img_005779.jpg,208-288,pork belly|whole chicken,pork belly|whole chicken,1.000000,0.350116,1.260637,0.008486,1.619290,"{""present"":[1,8],""possible"":[3]}"
112,img_005784.jpg,153,lemon,lemon,1.000000,0.331120,0.000014,0.000211,0.331417,{}
113,img_005785.jpg,14-33-179,bean sprout|broth|noodle|shrimp|spring roll,bean sprout|broth|noodle,0.750000,0.186979,1.351968,0.002343,1.541346,"{""present"":[1,2,3,4,8,13,15],""possible"":[14]}"
114,img_005848.jpg,143,instant noodle,instant noodle,1.000000,0.161633,0.853243,0.001956,1.016884,"{""present"":[1],""possible"":[]}"
115,img_005904.jpg,205,plum,plum,1.000000,0.163879,0.000020,0.000357,0.164330,{}
116,img_005917.jpg,189,oyster,oyster,1.000000,0.345601,1.176721,0.001759,1.524136,"{""present"":[1],""possible"":[]}"
117,img_005933.jpg,205,plum,plum,1.000000,0.346357,0.000013,0.000207,0.346623,{}
118,img_005998.jpg,169-247-248,shrimp,meat skewer|shrimp|skewer,0.500000,0.343269,1.211399,0.008744,1.563466,"{""present"":[1,2],""possible"":[]}"
119,img_006141.jpg,206,pomegranate seed,pomegranate,0.000000,0.333654,1.157605,0.008686,1.499996,"{""present"":[1],""possible"":[]}"
120,img_006188.jpg,277-292,plum,tomato|yellow tomato,0.000000,0.149500,0.931920,0.015205,1.096685,"{""present"":[3,6],""possible"":[1]}"
121,img_006284.jpg,21,bitter melon,bitter melon,1.000000,0.169848,0.000018,0.000219,0.170179,{}
122,img_006356.jpg,285,walnut,walnut,1.000000,0.339206,0.000013,0.000215,0.339484,{}
123,img_006364.jpg,178,napa cabbage,napa cabbage,1.000000,0.147627,0.000016,0.000275,0.147977,{}
124,img_006458.jpg,285,walnut,walnut,1.000000,0.333162,1.063480,0.008850,1.405565,"{""present"":[1]}"
125,img_006476.jpg,179,pasta,noodle,0.000000,0.120966,0.446971,0.001747,0.569780,"{""present"":[1]}"
126,img_006503.jpg,205,plum,plum,1.000000,0.344722,0.000014,0.000204,0.344988,{}
127,img_006585.jpg,205,plum,plum,1.000000,0.135679,0.000014,0.000240,0.135989,{}
128,img_006620.jpg,196,egg|fig|oats|peanut|salmon|shrimp,peanut,0.285714,0.397834,2.359566,0.002111,2.759562,"{""present"":[1,4,5,7,9,11,12,14,15,16,17,18,19,20],""possible"":[3,6,8]}"
129,img_006623.jpg,17-251,beer|snail,beer|snail,1.000000,0.350685,1.228222,0.010117,1.589103,"{""present"":[1,2],""possible"":[]}"
130,img_006831.jpg,1-44-160,apple,apple|cherry|lychee,0.500000,0.323409,1.280040,0.009069,1.612570,"{""present"":[1,6,2],""possible"":[4]}"
131,img_006922.jpg,153,lemon,lemon,1.000000,0.264424,0.000014,0.000241,0.264726,{}
132,img_006928.jpg,254,sour cream,sour cream,1.000000,0.311147,1.074357,0.002761,1.388317,"{""present"":[1],""possible"":[]}"
133,img_006967.jpg,58-106-247,clam|fish|fish ball|shrimp|squid,clam|fish ball|shrimp,0.750000,0.179423,2.160519,0.011326,2.351351,"{""present"":[1,2,3,5,6,7,9,11,15],""possible"":[4,8,12,13,14,16,17,18,19,20]}"
134,img_007076.jpg,189,oyster,oyster,1.000000,0.164345,1.959090,0.006606,2.130098,"{""present"":[1,12],""possible"":[3,4,6,7,8,10,13,14,15,16,17,18,19,20]}"
135,img_007083.jpg,134,ground beef,ground beef,1.000000,0.344756,1.166251,0.002474,1.513534,"{""present"":[1],""possible"":[]}"
136,img_007111.jpg,45,chestnut,chestnut,1.000000,0.159977,0.861350,0.006014,1.027396,"{""present"":[4],""possible"":[]}"
137,img_007153.jpg,205,plum,plum,1.000000,0.321618,0.000014,0.000215,0.321919,{}
138,img_007169.jpg,227,red bean,red bean,1.000000,0.350305,1.199088,0.008763,1.558215,"{""present"":[1],""possible"":[]}"
139,img_007200.jpg,230,flax seed,rice,0.000000,0.329691,1.143638,0.008653,1.482029,"{""present"":[2],""possible"":[]}"
140,img_007412.jpg,105-266,fish|pea|sesame seed|sweet and sour sauce,fish|sweet and sour sauce,0.666667,0.134656,1.213331,0.008177,1.356240,"{""present"":[1,7],""possible"":[4,5,10,17,18]}"
141,img_007508.jpg,205,plum,plum,1.000000,0.298659,0.000016,0.000310,0.299044,{}
142,img_007536.jpg,245,shiitake mushroom,shiitake mushroom,1.000000,0.126295,0.651910,0.001768,0.780022,"{""present"":[1],""possible"":[]}"
143,img_007608.jpg,21,bitter melon,bitter melon,1.000000,0.165878,0.000022,0.000383,0.166374,{}
144,img_007617.jpg,283,cherry|fried chicken|syrup|waffle,waffle,0.400000,0.337357,3.610326,0.002300,3.950034,"{""present"":[1,4,7,17,20,3,16,14,15,13,11,12,10,19,18,5,6,2,8,9,1,4,5,6,7,8,9,10,11,12,13,14,15,16,17,18,1"
145,img_007627.jpg,80-230,croquette|fried rice,croquette|rice,0.500000,0.154657,0.943663,0.013810,1.112188,"{""present"":[1,3],""possible"":[2]}"
146,img_007683.jpg,27-73-229,blueberry|cream cheese frosting|lime|red velvet cake,blueberry|cream cheese frosting|red velvet cake,0.857143,0.370263,1.509897,0.008950,1.889162,"{""present"":[1,5,11,15],""possible"":[3,7]}"
147,img_007718.jpg,205,plum,plum,1.000000,0.327472,0.000014,0.000238,0.327771,{}
148,img_007759.jpg,205,plum,plum,1.000000,0.353830,0.000014,0.000220,0.354139,{}
149,img_007771.jpg,21,bitter melon,bitter melon,1.000000,0.333608,0.000013,0.000235,0.333903,{}
150,img_007777.jpg,91,pasta,dried fruit,0.000000,0.544672,1.486013,0.002421,2.033159,"{""present"":[1],""possible"":[]}"
151,img_007826.jpg,285,walnut,walnut,1.000000,0.140146,0.000019,0.000395,0.140629,{}
152,img_007845.jpg,153,lemon,lemon,1.000000,0.324796,1.123840,0.001611,1.450296,"{""present"":[1],""possible"":[]}"
153,img_007859.jpg,189,oyster,oyster,1.000000,0.569544,1.513339,0.016846,2.099779,"{""present"":[1],""possible"":[]}"
154,img_007860.jpg,174-176-204,basil|ham|mozzarella cheese|mushroom|pizza dough|tomato sauce,mozzarella cheese|mushroom|pizza dough,0.666667,0.153902,1.266045,0.002100,1.422102,"{""present"":[1,3,4,5,9,17],""possible"":[6,20]}"
155,img_007861.jpg,294,zucchini,zucchini,1.000000,0.337873,1.065419,0.008280,1.411627,"{""present"":[1]}"
156,img_007873.jpg,205,plum,plum,1.000000,0.151695,0.000016,0.000265,0.152058,{}
157,img_007968.jpg,179-256,spaghetti|tomato sauce,noodle|spaghetti,0.500000,0.342848,1.313007,0.001939,1.657846,"{""present"":[1,4],""possible"":[3,9]}"
158,img_008040.jpg,213,pasta,potato,0.000000,0.346040,1.163962,0.001722,1.511777,"{""present"":[1],""possible"":[]}"
159,img_008043.jpg,114-142,insect,fried insect|insect,0.666667,0.340761,1.219760,0.008734,1.569304,"{""present"":[1,2],""possible"":[]}"
160,img_008101.jpg,151,lamb,lamb,1.000000,0.164096,0.850222,0.001717,1.016089,"{""present"":[2],""possible"":[]}"
161,img_008197.jpg,92,dried meat,dried meat,1.000000,0.228040,2.106515,0.004539,2.339142,"{""present"":[1,3,4,5,6,7,11,12,13,14,15,16,17,18,19,20],""possible"":[2]}"
162,img_008208.jpg,68,couscous,couscous,1.000000,0.328024,1.135873,0.008456,1.472402,"{""present"":[2],""possible"":[]}"
163,img_008256.jpg,10-160-162-186-187-195,apple|banana|lychee|mangosteen,banana|lychee|mangosteen|orange|orange juice|peach,0.600000,0.162481,2.145168,0.007466,2.315171,"{""present"":[2,4,6,10,12,20],""possible"":[3,5,7,8,9,11,13,14,15,16,17,18,19]}"
164,img_008291.jpg,100-101-112,egg tart|french fries|fried chicken,egg|egg tart|fried chicken,0.666667,0.174163,2.223096,0.002443,2.399755,"{""present"":[1,2,6,16,20],""possible"":[3,4,5,7,8,9,10,11,12,13,14,15,17,18,19]}"
165,img_008302.jpg,27-190-265-269,blueberry|egg|maple syrup|milk|pancake mix|strawberry,blueberry|pancake|strawberry|syrup,0.400000,0.197109,1.120751,0.001743,1.319681,"{""present"":[1,4,5,6],""possible"":[3]}"
166,img_008316.jpg,100-263,broccoli|carrot|egg|noodle|steak,egg|steak,0.571429,0.118328,0.664550,0.001762,0.784697,"{""present"":[1,4,8],""possible"":[2]}"
167,img_008360.jpg,100-264-267,egg|steamed bun,egg|steamed bun|sweet bun,0.800000,0.341523,1.299574,0.008763,1.649911,"{""present"":[1,2,4],""possible"":[6]}"
168,img_008455.jpg,285,walnut,walnut,1.000000,0.346126,0.000014,0.000208,0.346399,{}
169,img_008559.jpg,205,plum,plum,1.000000,0.341587,0.000014,0.000216,0.341897,{}
170,img_008599.jpg,66-95-96,corn|dumpling wrapper|ground meat,corn|dumpling|dumpling wrapper,0.666667,0.338897,1.380266,0.008823,1.728065,"{""present"":[1,2,4,14],""possible"":[3]}"
171,img_008600.jpg,252,soda,soda,1.000000,0.351832,0.000015,0.000218,0.352148,{}
172,img_008637.jpg,205,plum,plum,1.000000,0.355697,0.000014,0.000240,0.355999,{}
173,img_008645.jpg,21,bitter melon,bitter melon,1.000000,0.350545,0.000014,0.000216,0.350889,{}
174,img_008650.jpg,112,cereal,fried chicken,0.000000,0.342811,1.234377,0.009168,1.586410,"{""present"":[4],""possible"":[2,5]}"
175,img_008668.jpg,113-169-248,fried dough|skewer,fried dough|meat skewer|skewer,0.800000,0.332628,1.225574,0.001884,1.560141,"{""present"":[4,8],""possible"":[1]}"
176,img_008756.jpg,139-269,honey,honey|syrup,0.666667,0.124372,0.749739,0.001567,0.875726,"{""present"":[1,2],""possible"":[]}"
177,img_008812.jpg,90,dragon fruit|grape|orange,dragon fruit,0.500000,0.134680,0.000013,0.000229,0.134972,{}
178,img_008837.jpg,130,green tea ice cream|red bean paste,green tea ice cream,0.666667,0.348603,0.000014,0.000218,0.348907,{}
179,img_008853.jpg,82-174-192-204-217,mozzarella cheese|parmesan cheese|pizza dough|prosciutto|tomato,cured ham|mozzarella cheese|parmesan cheese|pizza dough|prosciutto,0.800000,0.559022,2.728765,0.002324,3.290184,"{""present"":[1,2,4,6,9,15],""possible"":[3,8,10,11,12,13,14,16,17,18,19,20]}"
180,img_008939.jpg,71-126-165-281,cranberry sauce|green bean|mashed potato|turkey,cranberry sauce|green bean|mashed potato|turkey,1.000000,0.135415,0.772432,0.001783,0.909677,"{""present"":[1,2,4,12],""possible"":[10]}"
181,img_008998.jpg,179,pasta,noodle,0.000000,0.344052,1.068956,0.001856,1.414918,"{""present"":[1]}"
182,img_009005.jpg,82,cured ham,cured ham,1.000000,0.179884,0.884560,0.002289,1.066783,"{""present"":[1],""possible"":[]}"
183,img_009026.jpg,179-276,pasta,noodle|tofu,0.000000,0.333323,1.203205,0.008502,1.545116,"{""present"":[1,4],""possible"":[]}"
184,img_009045.jpg,93,dried prune,dried prune,1.000000,0.355814,0.000015,0.000283,0.356167,{}
185,img_009100.jpg,205,plum,plum,1.000000,0.345769,0.000015,0.000220,0.346078,{}
186,img_009360.jpg,104-166-172,fig|matcha|yogurt,fig|matcha|milk,0.666667,0.177259,1.023210,0.002244,1.202764,"{""present"":[1,2,11],""possible"":[]}"
187,img_009394.jpg,119-152,broccoli|carrot|lamb chop|pumpkin,garlic|lamb chop,0.333333,0.141679,1.188396,0.002020,1.332159,"{""present"":[1,4,14,17],""possible"":[13,16]}"
188,img_009531.jpg,189,oyster,oyster,1.000000,0.344103,1.156578,0.001911,1.502641,"{""present"":[1],""possible"":[]}"
189,img_009591.jpg,85-265-271,custard|strawberry|tart crust,custard|strawberry|tart crust,1.000000,0.129800,0.735767,0.001824,0.867439,"{""present"":[1,2,4],""possible"":[]}"
190,img_009646.jpg,21,bitter melon,bitter melon,1.000000,0.356360,0.000017,0.000263,0.356693,{}
191,img_009683.jpg,83-235-240,cured meat|sausage,cured meat|salami|sausage,0.800000,0.386092,2.528822,0.008928,2.923939,"{""present"":[1,2,3,4,6,13,16,17,18,19,20],""possible"":[5,7,8,9,10,11,12,14,15]}"
192,img_009731.jpg,34,buckwheat,buckwheat,1.000000,0.339797,0.000015,0.000273,0.340140,{}
193,img_009738.jpg,109-131-279-291,french fries|grilled chicken|wrap,french fries|grilled chicken|tortilla|wrap,0.857143,0.335643,1.480682,0.012908,1.829307,"{""present"":[3,4,5,11],""possible"":[1,17]}"
194,img_009772.jpg,153,lemon,lemon,1.000000,0.404281,0.000014,0.000252,0.404600,{}
195,img_009812.jpg,24-59-247,cocktail sauce|shrimp,black pepper|cocktail sauce|shrimp,0.800000,0.131956,1.483452,0.002023,1.617494,"{""present"":[1,2,3,11,20],""possible"":[4,13,14,17,19]}"
196,img_009922.jpg,14-81-179-243-276,bean sprout|cucumber|noodle|peanut sauce,bean sprout|cucumber|noodle|sesame seed|tofu,0.666667,0.343479,1.502902,0.009070,1.855503,"{""present"":[1,2,7,9,10],""possible"":[4,8]}"
197,img_009938.jpg,205,plum,plum,1.000000,0.347990,0.000013,0.000207,0.348260,{}
198,img_009952.jpg,205,plum,plum,1.000000,0.333680,0.000013,0.000209,0.333969,{}
199,img_010038.jpg,205,plum,plum,1.000000,0.361041,0.000015,0.000215,0.361352,{}
200,img_010094.jpg,205,plum,plum,1.000000,0.142152,0.000014,0.000209,0.142421,{}
201,img_010136.jpg,189,oyster,oyster,1.000000,0.193776,0.000014,0.000243,0.194090,{}
202,img_010295.jpg,205,plum,plum,1.000000,0.222949,0.000014,0.000216,0.223237,{}
203,img_010313.jpg,205,plum,plum,1.000000,0.344686,0.000014,0.000211,0.344961,{}
204,img_010363.jpg,137-240,bacon|baked bean|egg|hash brown|sausage|toast|tomato,hash brown|sausage,0.444444,0.149186,1.450436,0.002058,1.601762,"{""present"":[1,3,6,7,8,13,15,18],""possible"":[4,16]}"
205,img_010538.jpg,189,oyster,oyster,1.000000,0.554764,1.505421,0.004033,2.064272,"{""present"":[1],""possible"":[]}"
206,img_010656.jpg,172,milk|rasgulla,milk,0.666667,0.410572,1.282803,0.011670,1.705096,"{""present"":[2],""possible"":[1]}"
207,img_010725.jpg,34,buckwheat,buckwheat,1.000000,0.347090,0.000013,0.000246,0.347397,{}
208,img_010749.jpg,224,radish,radish,1.000000,0.341334,0.000013,0.000247,0.341644,{}
209,img_010770.jpg,60-164,cocoa powder|coffee|ladyfinger|mascarpone cheese,cocoa powder|mascarpone cheese,0.666667,0.350297,1.278253,0.009004,1.637608,"{""present"":[1,2],""possible"":[4]}"
210,img_010922.jpg,153,lemon,lemon,1.000000,0.346948,0.000012,0.000220,0.347229,{}
211,img_010925.jpg,189,oyster,oyster,1.000000,0.168484,0.764639,0.001865,0.935043,"{""present"":[1]}"
212,img_010956.jpg,205,plum,plum,1.000000,0.118352,0.000017,0.000247,0.118677,{}
213,img_011027.jpg,63-228-267,coffee|sweet bun,coffee|red bean paste|sweet bun,0.800000,0.326570,1.327925,0.002107,1.656655,"{""present"":[1,4,6],""possible"":[10]}"
214,img_011054.jpg,34,buckwheat,buckwheat,1.000000,0.344168,0.000013,0.000237,0.344467,{}
215,img_011266.jpg,189,oyster,oyster,1.000000,0.214927,0.956659,0.003479,1.175151,"{""present"":[1],""possible"":[]}"
216,img_011439.jpg,205,plum,plum,1.000000,0.124302,0.000012,0.000235,0.124596,{}
217,img_011499.jpg,84-177,curry sauce|naan,curry sauce|naan,1.000000,0.356196,2.477278,0.009806,2.843333,"{""present"":[1,3,10],""possible"":[4,5,6,7,8,9,11,12,13,14,15,16,17,18,19,20]}"
218,img_011608.jpg,120-226-265-277,gelatin|raspberry|tomato,gelatin|raspberry|strawberry|tomato,0.857143,0.267663,1.335936,0.006022,1.609676,"{""present"":[1,2,4,5,15],""possible"":[14]}"
219,img_011630.jpg,124-155,grapefruit|lime,grapefruit|lime,1.000000,0.125797,0.646780,0.001913,0.774540,"{""present"":[1,2],""possible"":[]}"
220,img_011637.jpg,270,coconut milk|mango|rice|tapioca pearl,tapioca pearl,0.400000,0.347564,0.000014,0.000241,0.347871,{}
221,img_011739.jpg,213,pasta,potato,0.000000,0.126666,0.694844,0.001819,0.823395,"{""present"":[1],""possible"":[]}"
222,img_011886.jpg,205,plum,plum,1.000000,0.348833,0.000013,0.000235,0.349133,{}
223,img_012005.jpg,114,fried insect,fried insect,1.000000,0.351716,1.201385,0.008627,1.561812,"{""present"":[1],""possible"":[2]}"
224,img_012089.jpg,189,oyster,oyster,1.000000,0.333866,1.071654,0.001461,1.407037,"{""present"":[1]}"
225,img_012091.jpg,20,biscuit stick|chocolate coating,biscuit stick,0.666667,0.337200,0.000014,0.000247,0.337512,{}
226,img_012095.jpg,90-186-202,dragon fruit|pineapple,dragon fruit|orange|pineapple,0.800000,0.120640,0.777649,0.001886,0.900237,"{""present"":[1,2,10],""possible"":[5,14]}"
227,img_012108.jpg,10-27-110-215-275,banana|blueberry|french toast|maple syrup|powdered sugar,banana|blueberry|french toast|powdered sugar|toast,0.800000,0.145163,1.110846,0.002177,1.258242,"{""present"":[2,4,6,7,10],""possible"":[1,3,5,9,12]}"
228,img_012114.jpg,203,pistachio,pistachio,1.000000,0.175575,3.313040,0.002200,3.490906,"{""present"":[1,2,4,5,6,7,8,9,10,11,12,13,14,15,16,17,18,19,20],""possible"":[1,2,4,5,6,7,8,9,10,11,12,13,14,15,16,17,18"
229,img_012128.jpg,58-153-189,lemon|oyster|shrimp,clam|lemon|oyster,0.666667,0.184012,1.165041,0.004266,1.353431,"{""present"":[1,2,3,5,16],""possible"":[4]}"
230,img_012231.jpg,31-147,breadstick|tomato sauce,breadstick|ketchup,0.500000,0.555450,1.559526,0.016788,2.131816,"{""present"":[1,2],""possible"":[]}"
231,img_012263.jpg,30-112,breading|fried chicken,breading|fried chicken,1.000000,0.360597,1.297440,0.001738,1.659833,"{""present"":[1,9],""possible"":[13]}"
232,img_012269.jpg,5-63-100-107-138-236-275,egg|hollandaise sauce|salmon|toast,avocado|coffee|egg|fish roe|hollandaise sauce|salmon|toast,0.727273,0.158347,1.283888,0.001751,1.444094,"{""present"":[1,2,3,4,5,7,12],""possible"":[11]}"
233,img_012433.jpg,285,walnut,walnut,1.000000,0.347419,0.000015,0.000203,0.347715,{}
234,img_012441.jpg,250,snack stick,snack stick,1.000000,0.143636,0.837259,0.001783,0.982726,"{""present"":[1],""possible"":[]}"
235,img_012499.jpg,153,lemon,lemon,1.000000,0.396412,0.000016,0.000244,0.396727,{}
236,img_012550.jpg,37-76,cabbage|creamy dressing,cabbage|creamy dressing,1.000000,0.346337,1.239815,0.008718,1.594957,"{""present"":[1,2],""possible"":[]}"
237,img_012619.jpg,205,plum,plum,1.000000,0.347671,0.000014,0.000222,0.348001,{}
238,img_012626.jpg,95-264,dumpling|fufu,dumpling|steamed bun,0.500000,0.351843,1.270087,0.001632,1.623626,"{""present"":[1,3],""possible"":[2]}"
239,img_012628.jpg,205,plum,plum,1.000000,0.136096,0.000018,0.000321,0.136503,{}
240,img_012629.jpg,24-105-236,black pepper|salmon,black pepper|fish|salmon,0.800000,0.406763,1.428992,0.011029,1.846857,"{""present"":[1,2,3],""possible"":[17]}"
241,img_012645.jpg,3-36-204-217,arugula|burrata|mozzarella cheese|pizza dough|salami|tomato sauce,arugula|burrata|pizza dough|prosciutto,0.600000,0.172761,1.276663,0.002382,1.451867,"{""present"":[1,2,5,7],""possible"":[3,6,9,12]}"
242,img_012677.jpg,179,pasta,noodle,0.000000,0.177844,0.874350,0.002582,1.054830,"{""present"":[1],""possible"":[]}"
243,img_012740.jpg,242,sea urchin,sea urchin,1.000000,0.168690,0.000020,0.000391,0.169175,{}
244,img_012911.jpg,10-46-91-181,banana|chia seed|dried fruit|oatmeal,banana|chia seed|dried fruit|oatmeal,1.000000,0.140692,1.272687,0.002099,1.415578,"{""present"":[1,2,4,12],""possible"":[3,9,18,19]}"
245,img_012915.jpg,25-28-100-230-276,black rice|cabbage|egg|tofu,black rice|bok choy|egg|rice|tofu,0.666667,0.159249,1.156974,0.002095,1.318390,"{""present"":[2,5,6,7,9],""possible"":[1,3]}"
246,img_012987.jpg,19-27-74,berry sauce|blueberry|cream puff,berry sauce|blueberry|cream puff,1.000000,0.161174,0.959558,0.001857,1.122649,"{""present"":[1,2,3],""possible"":[]}"
247,img_012990.jpg,21,bitter melon,bitter melon,1.000000,0.142189,0.000017,0.000269,0.142571,{}
248,img_013120.jpg,9,bamboo shoot,bamboo shoot,1.000000,0.255761,0.000016,0.000273,0.256106,{}
249,img_013223.jpg,205,plum,plum,1.000000,0.351632,0.000014,0.000232,0.351969,{}
250,img_013305.jpg,95-264,fish|pounded yam,dumpling|steamed bun,0.000000,0.362405,1.247664,0.009889,1.620010,"{""present"":[4,18],""possible"":[]}"
251,img_013310.jpg,18-88,beet|carrot|mayonnaise|potato,beet|dill,0.333333,0.120192,0.717366,0.016631,0.854239,"{""present"":[1,3],""possible"":[10,13]}"
252,img_013355.jpg,222,quail egg,quail egg,1.000000,0.340266,1.148097,0.008878,1.497290,"{""present"":[1],""possible"":[]}"
253,img_013415.jpg,294,zucchini,zucchini,1.000000,0.406489,1.259062,0.001670,1.667350,"{""present"":[1],""possible"":[]}"
254,img_013441.jpg,262,starfruit,starfruit,1.000000,0.129235,0.000014,0.000241,0.129540,{}
255,img_013451.jpg,57,cinnamon,cinnamon,1.000000,0.345579,0.000016,0.000299,0.345955,{}
256,img_013485.jpg,153,lemon,lemon,1.000000,0.139027,0.000017,0.000293,0.139400,{}
257,img_013504.jpg,158,loquat,loquat,1.000000,0.138798,0.000013,0.000281,0.139173,{}
258,img_013509.jpg,119,garlic,garlic,1.000000,0.165553,0.000019,0.000383,0.166032,{}
259,img_013651.jpg,52,chocolate chip,chocolate chip,1.000000,0.345195,1.135782,0.008399,1.489438,"{""present"":[1],""possible"":[]}"
260,img_013658.jpg,28-33-170-276,bok choy|broth|meatball|tofu,bok choy|broth|meatball|tofu,1.000000,0.157554,1.420803,0.002134,1.580558,"{""present"":[2,3,6,13],""possible"":[1,7,8,12,17,20]}"
261,img_013715.jpg,34,buckwheat,buckwheat,1.000000,0.146907,0.000014,0.000217,0.147209,{}
262,img_013729.jpg,42,celery,celery,1.000000,0.144559,0.000013,0.000230,0.144849,{}
263,img_013772.jpg,205,plum,plum,1.000000,0.336281,0.000015,0.000268,0.336616,{}
264,img_013812.jpg,287,watermelon,watermelon,1.000000,0.339779,0.000014,0.000232,0.340074,{}
265,img_013828.jpg,287,watermelon,watermelon,1.000000,0.190652,0.000015,0.000245,0.190999,{}
266,img_013867.jpg,26-27-206-226-265,blackberry|blueberry|strawberry,blackberry|blueberry|pomegranate|raspberry|strawberry,0.750000,0.349485,2.497847,0.009067,2.856455,"{""present"":[1,2,4,6,11],""possible"":[3,5,7,8,9,10,12,13,14,15,16,17,18,19,20]}"
267,img_013918.jpg,21,bitter melon,bitter melon,1.000000,0.336453,0.000013,0.000203,0.336717,{}
268,img_013922.jpg,287,watermelon,watermelon,1.000000,0.360435,0.000014,0.000209,0.360738,{}
269,img_014004.jpg,287,watermelon,watermelon,1.000000,0.354015,0.000013,0.000205,0.354279,{}
270,img_014044.jpg,287,watermelon,watermelon,1.000000,0.353961,0.000014,0.000201,0.354226,{}
271,img_014084.jpg,287,watermelon,watermelon,1.000000,0.373433,0.000013,0.000212,0.373711,{}
272,img_014085.jpg,66-134-263,corn|fried plantain|steak,corn|ground beef|steak,0.666667,0.375136,1.479364,0.008760,1.863350,"{""present"":[1,2,4,7,17],""possible"":[5]}"
273,img_014133.jpg,246,duck,shredded chicken,0.000000,0.131056,0.686149,0.001451,0.818734,"{""present"":[1],""possible"":[]}"
274,img_014171.jpg,158-221,quail,loquat|quail,0.666667,0.337539,1.206448,0.008813,1.552871,"{""present"":[1,4],""possible"":[]}"
275,img_014226.jpg,205,plum,plum,1.000000,0.334988,0.000013,0.000203,0.335255,{}
276,img_014296.jpg,218-240-243,puff pastry|sausage,puff pastry|sausage|sesame seed,0.800000,0.336520,1.310185,0.002049,1.648805,"{""present"":[1,3,10],""possible"":[2]}"
277,img_014321.jpg,206,pomegranate,pomegranate,1.000000,0.133185,0.685660,0.001687,0.820665,"{""present"":[1],""possible"":[]}"
278,img_014374.jpg,287,watermelon,watermelon,1.000000,0.345613,0.000014,0.000201,0.345877,{}
279,img_014388.jpg,287,watermelon,watermelon,1.000000,0.158188,0.000014,0.000227,0.158480,{}
280,img_014393.jpg,167,carrot|ham|mayonnaise|pea|potato,mayonnaise,0.333333,0.571024,2.838947,0.017242,3.427267,"{""present"":[1,2,4,8,10,11,16,17,20],""possible"":[3,5,6,7,9,12,13,14,15,18,19]}"
281,img_014397.jpg,100-239,egg|sauerkraut,egg|sauerkraut,1.000000,0.346412,1.282935,0.008703,1.638103,"{""present"":[1,12],""possible"":[]}"
282,img_014410.jpg,287,watermelon,watermelon,1.000000,0.331411,0.000013,0.000207,0.331678,{}
283,img_014469.jpg,98,edamame,edamame,1.000000,0.134320,0.000014,0.000243,0.134629,{}
284,img_014488.jpg,287,watermelon,watermelon,1.000000,0.294963,0.000014,0.000209,0.295284,{}
285,img_014516.jpg,287,watermelon,watermelon,1.000000,0.159210,0.000016,0.000256,0.159571,{}
286,img_014542.jpg,287,watermelon,watermelon,1.000000,0.135939,0.000019,0.000302,0.136354,{}
287,img_014591.jpg,287,watermelon,watermelon,1.000000,0.352799,0.000014,0.000209,0.353075,{}
288,img_014610.jpg,236-280,rice|salmon|tempura|tuna,salmon|tuna,0.666667,0.355113,2.306586,0.009303,2.671060,"{""present"":[1,4,10,14,16,18,20],""possible"":[5,6,7,8,9,11,12,13,15,17]}"
289,img_014626.jpg,159,lotus root,lotus root,1.000000,0.163115,0.000016,0.000315,0.163509,{}
290,img_014687.jpg,287,watermelon,watermelon,1.000000,0.190260,0.000013,0.000234,0.190553,{}
291,img_014711.jpg,92,dried meat,dried meat,1.000000,0.171631,0.881611,0.001508,1.054803,"{""present"":[1],""possible"":[]}"
292,img_014774.jpg,250,rice cake|spicy sauce,snack stick,0.000000,0.330103,1.229985,0.008244,1.568385,"{""present"":[13],""possible"":[12]}"
293,img_014812.jpg,44,grape,cherry,0.000000,0.345033,0.000018,0.000327,0.345440,{}
294,img_014821.jpg,287,watermelon,watermelon,1.000000,0.123096,0.000019,0.000377,0.123562,{}
295,img_014840.jpg,100-136-277-289,egg|ham|ketchup|whole grain bread,egg|ham|tomato|whole grain bread,0.750000,0.163605,1.920687,0.018236,2.102610,"{""present"":[1,3,7,13],""possible"":[2,4,8,9,10,11,12,16,17,18,19,20]}"
296,img_014853.jpg,13-33-113,fried bread|milk,batter|broth|fried dough,0.000000,0.458691,1.706465,0.002171,2.167401,"{""present"":[1,6,16],""possible"":[3,4,5,13]}"
297,img_014865.jpg,123,grape,grape,1.000000,0.141416,0.849561,0.010835,1.001863,"{""present"":[2],""possible"":[1]}"
298,img_014899.jpg,287,watermelon,watermelon,1.000000,0.366730,0.000013,0.000239,0.367030,{}
299,img_014904.jpg,24-32-121-176-263,asparagus|cream sauce|gnocchi|steak,black pepper|broccoli|gnocchi|mushroom|steak,0.444444,0.148183,2.053201,0.001919,2.203368,"{""present"":[1,3,5,6,7,15,19],""possible"":[2,4,6,10,11,13,14,16,17,18,20]}"
300,img_014931.jpg,285,walnut,walnut,1.000000,0.174996,0.872661,0.001771,1.049483,"{""present"":[1],""possible"":[]}"
301,img_014961.jpg,1,apple,apple,1.000000,0.354111,0.000014,0.000234,0.354409,{}
302,img_014968.jpg,1,apple,apple,1.000000,0.390290,0.000013,0.000234,0.390583,{}
303,img_014973.jpg,97,jackfruit,durian,0.000000,0.182155,0.852641,0.001695,1.036582,"{""present"":[2],""possible"":[]}"
304,img_014993.jpg,1,apple,apple,1.000000,0.119726,0.000014,0.000228,0.120015,{}
305,img_015015.jpg,72,crawfish,crawfish,1.000000,0.352486,0.000013,0.000233,0.352778,{}
306,img_015023.jpg,87,date,date,1.000000,0.337591,1.163513,0.001482,1.502634,"{""present"":[1],""possible"":[]}"
307,img_015028.jpg,287,watermelon,watermelon,1.000000,0.154158,0.000018,0.000310,0.154546,{}
308,img_015039.jpg,1,apple,apple,1.000000,0.341848,0.000014,0.000221,0.342142,{}
309,img_015056.jpg,213,pear,potato,0.000000,0.417925,1.271795,0.008819,1.698589,"{""present"":[8],""possible"":[]}"
310,img_015070.jpg,1,apple,apple,1.000000,0.126025,0.000012,0.000251,0.126336,{}
311,img_015082.jpg,1,apple,apple,1.000000,0.417231,0.000014,0.000237,0.417529,{}
312,img_015097.jpg,1,apple,apple,1.000000,0.137339,0.000016,0.000253,0.137692,{}
313,img_015109.jpg,1,apple,apple,1.000000,0.307031,0.000015,0.000286,0.307384,{}
314,img_015129.jpg,287,watermelon,watermelon,1.000000,0.359325,0.000013,0.000220,0.359636,{}
315,img_015130.jpg,205,plum,plum,1.000000,0.353505,0.000015,0.000254,0.353825,{}
316,img_015134.jpg,287,watermelon,watermelon,1.000000,0.354209,0.000014,0.000205,0.354505,{}
317,img_015146.jpg,127,green grape,green grape,1.000000,0.338722,1.163638,0.008434,1.510845,"{""present"":[1],""possible"":[]}"
318,img_015172.jpg,1,apple,apple,1.000000,0.188880,0.000017,0.000263,0.189252,{}
319,img_015177.jpg,1,apple,apple,1.000000,0.322531,0.000014,0.000208,0.322828,{}
320,img_015199.jpg,1,apple,apple,1.000000,0.121468,0.000015,0.000272,0.121812,{}
321,img_015204.jpg,287,watermelon,watermelon,1.000000,0.128134,0.000015,0.000297,0.128502,{}
322,img_015210.jpg,287,watermelon,watermelon,1.000000,0.332613,0.000013,0.000206,0.332882,{}
323,img_015212.jpg,11-64-109-211,barbecue sauce|coleslaw|french fries|pork rib,barbecue sauce|coleslaw|french fries|pork rib,1.000000,0.186317,2.138365,0.002623,2.327404,"{""present"":[1,2,3,5,9,13],""possible"":[6,8,10,11,12,14,15,16,17,18,19,20]}"
324,img_015232.jpg,287,watermelon,watermelon,1.000000,0.338396,0.000014,0.000214,0.338702,{}
325,img_015244.jpg,1,apple,apple,1.000000,0.131310,0.000015,0.000250,0.131630,{}
326,img_015251.jpg,1,apple,apple,1.000000,0.346601,0.000013,0.000201,0.346861,{}
327,img_015284.jpg,39,cashew,cashew,1.000000,0.367360,0.000013,0.000204,0.367657,{}
328,img_015285.jpg,33-246,broth|shredded chicken,broth|shredded chicken,1.000000,0.318885,1.189345,0.006777,1.515056,"{""present"":[1,3],""possible"":[4]}"
329,img_015286.jpg,48,chicken feet,chicken feet,1.000000,0.343828,0.000013,0.000201,0.344091,{}
330,img_015301.jpg,97,durian,durian,1.000000,0.160502,0.000015,0.000231,0.160800,{}
331,img_015320.jpg,1,apple,apple,1.000000,0.125346,0.000020,0.000352,0.125789,{}
332,img_015326.jpg,268,sweet potato,sweet potato,1.000000,0.361064,1.108536,0.001694,1.471351,"{""present"":[1]}"
333,img_015327.jpg,175,mulberry,mulberry,1.000000,0.345290,1.067574,0.001981,1.414929,"{""present"":[1]}"
334,img_015328.jpg,1,apple,apple,1.000000,0.354029,0.000013,0.000213,0.354303,{}
335,img_015337.jpg,1,apple,apple,1.000000,0.144297,0.000020,0.000358,0.144788,{}
336,img_015339.jpg,1,apple,apple,1.000000,0.120962,0.000012,0.000246,0.121265,{}
337,img_015352.jpg,1,apple,apple,1.000000,0.146776,0.000016,0.000335,0.147190,{}
338,img_015353.jpg,1,apple,apple,1.000000,0.279543,0.000015,0.000263,0.279877,{}
339,img_015360.jpg,195,peach,peach,1.000000,0.302400,0.000014,0.000221,0.302705,{}
340,img_028669.jpg,17-81-98-129-252,cucumber|edamame|nori|peanut,beer|cucumber|edamame|green pepper|soda,0.444444,0.178403,2.219225,0.002039,2.399728,"{""present"":[1,2,3,4,9],""possible"":[5,6,7,8,10,11,12,13,14,15,16,17,18,19,20]}"
341,img_036008.jpg,145-263-277,green pepper|rosemary|steak|tomato,jalapeño|steak|tomato,0.571429,0.170775,1.099825,0.002424,1.273083,"{""present"":[1,5,6,7],""possible"":[12]}"
342,img_040436.jpg,132,carrot|grilled eel|nori|rice|spinach,grilled eel,0.333333,0.312904,2.255086,0.002299,2.570350,"{""present"":[2,5,6,18,15],""possible"":[1,3,4,7,9,11,13,14,16,17,19,20]}"
343,img_041439.jpg,10-55-77-265,banana|chocolate sauce|crepe|strawberry,banana|chocolate sauce|crepe|strawberry,1.000000,0.139771,1.029448,0.001996,1.171286,"{""present"":[1,2,5,6],""possible"":[7]}"
344,img_042334.jpg,107,fish roe|nori|rice|salmon|tuna,fish roe,0.333333,0.360855,0.000014,0.000248,0.361166,{}
345,img_049650.jpg,107-236-286,nori|rice|salmon|tuna|wasabi,fish roe|salmon|wasabi,0.500000,0.119212,0.753797,0.001943,0.875051,"{""present"":[1,3,4,12],""possible"":[6]}"
346,img_072067.jpg,33-148-179-180-230,broth|kimchi|noodle|nori|rice,broth|kimchi|noodle|nori|rice,1.000000,0.127981,1.165523,0.001936,1.295489,"{""present"":[1,2,3,6,9],""possible"":[4,11,14]}"
347,img_086044.jpg,244,shaved ice|strawberry|syrup,shaved ice,0.500000,0.153439,0.000017,0.000288,0.153805,{}
348,img_092746.jpg,7-91-100,bagel|egg,bagel|dried fruit|egg,0.800000,0.161509,0.995043,0.001891,1.158527,"{""present"":[1,2,6],""possible"":[3]}"
349,img_093955.jpg,13-29-100-210-273-280,corn|egg|nori|pork cutlet|rice,batter|bonito flake|egg|pork cutlet|tempura|tuna,0.363636,0.296950,2.318325,0.006522,2.621875,"{""present"":[3,4,6,10,13,17],""possible"":[2,5,8,9,11,12,14,15,16,18,19,20]}"
